INSERT INTO BAND(ID, NAME) VALUES (1000, 'Pink Floyd');
INSERT INTO BAND(ID, NAME) VALUES (1001, 'Guns n roses');
INSERT INTO BAND(ID, NAME) VALUES (1002, 'Metallica');
INSERT INTO BAND(ID, NAME) VALUES (1003, 'Rolling Stones');
INSERT INTO BAND(ID, NAME) VALUES (1004, 'The Ramones');
INSERT INTO BAND(ID, NAME) VALUES (1005, 'Megadeth');
INSERT INTO BAND(ID, NAME) VALUES (1006, 'AC/DC');
INSERT INTO BAND(ID, NAME) VALUES (1007, 'Deep Purple');
INSERT INTO BAND(ID, NAME) VALUES (1008, 'Sum41');
INSERT INTO BAND(ID, NAME) VALUES (1009, 'Off Spring');

INSERT INTO EVENT(ID, TITLE, IMG_URL) VALUES (1000, 'GrasPop Metal Meeting', 'img/1000.jpeg');
INSERT INTO EVENT(ID, TITLE, IMG_URL) VALUES (1001, 'Alcatraz Fest', 'img/1001.jpeg');
INSERT INTO EVENT(ID, TITLE, IMG_URL) VALUES (1002, 'Les Vieilles Charrues', 'img/1002.jpeg');
INSERT INTO EVENT(ID, TITLE, IMG_URL) VALUES (1003, 'Download Festival', 'img/1003.jpeg');
INSERT INTO EVENT(ID, TITLE, IMG_URL) VALUES (1004, 'Motocultor', 'img/1004.jpeg');

INSERT INTO EVENT_BANDS(EVENT_ID, BANDS_ID) VALUES (1000, 1000);
INSERT INTO EVENT_BANDS(EVENT_ID, BANDS_ID) VALUES (1000, 1001);
INSERT INTO EVENT_BANDS(EVENT_ID, BANDS_ID) VALUES (1000, 1002);
INSERT INTO EVENT_BANDS(EVENT_ID, BANDS_ID) VALUES (1000, 1003);
INSERT INTO EVENT_BANDS(EVENT_ID, BANDS_ID) VALUES (1000, 1004);
INSERT INTO EVENT_BANDS(EVENT_ID, BANDS_ID) VALUES (1001, 1005);
INSERT INTO EVENT_BANDS(EVENT_ID, BANDS_ID) VALUES (1002, 1006);
INSERT INTO EVENT_BANDS(EVENT_ID, BANDS_ID) VALUES (1003, 1000);
INSERT INTO EVENT_BANDS(EVENT_ID, BANDS_ID) VALUES (1004, 1007);
INSERT INTO EVENT_BANDS(EVENT_ID, BANDS_ID) VALUES (1004, 1008);
INSERT INTO EVENT_BANDS(EVENT_ID, BANDS_ID) VALUES (1004, 1009);
